date/time,link,type,status
Mon Jun 11 11:30:27 2018,https://github.com/eclipse/kapua/issues/1789,comment,NA
Mon Jun 11 07:13:57 2018,https://github.com/eclipse/kapua/issues/1787,comment,NA
Fri Jun 08 10:23:50 2018,https://github.com/eclipse/kapua/issues/1784,comment,NA
Thu Jun 07 12:23:42 2018,https://github.com/eclipse/kapua/issues/1773,comment,NA
Thu Jun 07 13:09:12 2018,https://github.com/eclipse/kapua/issues/1772,comment,NA
Wed Jun 06 15:19:52 2018,https://github.com/eclipse/kapua/issues/1769,comment,NA
Wed Jun 06 09:05:33 2018,https://github.com/eclipse/kapua/issues/1767,comment,NA
Wed Jun 06 09:43:04 2018,https://github.com/eclipse/kapua/issues/1766,comment,NA
Tue Jun 05 12:16:14 2018,https://github.com/eclipse/kapua/issues/1764,comment,NA
Mon Jun 04 08:40:15 2018,https://github.com/eclipse/kapua/issues/1762,comment,NA
Mon Jun 04 10:51:58 2018,https://github.com/eclipse/kapua/issues/1758,comment,NA
Wed May 30 13:47:24 2018,https://github.com/eclipse/kapua/issues/1755,comment,NA
Wed May 30 10:36:42 2018,https://github.com/eclipse/kapua/issues/1752,comment,NA
Tue May 29 10:53:57 2018,https://github.com/eclipse/kapua/issues/1750,comment,NA
Tue May 29 16:39:35 2018,https://github.com/eclipse/kapua/issues/1749,comment,NA
Tue May 29 07:43:52 2018,https://github.com/eclipse/kapua/issues/1748,comment,NA
Mon May 28 15:25:09 2018,https://github.com/eclipse/kapua/issues/1746,comment,NA
Mon May 28 13:53:19 2018,https://github.com/eclipse/kapua/issues/1743,comment,NA
Mon May 28 07:36:26 2018,https://github.com/eclipse/kapua/issues/1742,comment,NA
Fri May 25 14:29:16 2018,https://github.com/eclipse/kapua/issues/1741,comment,NA
Fri May 25 09:53:10 2018,https://github.com/eclipse/kapua/issues/1738,comment,NA
Fri May 25 07:09:18 2018,https://github.com/eclipse/kapua/issues/1735,comment,NA
Thu May 24 09:03:45 2018,https://github.com/eclipse/kapua/issues/1734,comment,NA
Tue May 22 12:54:58 2018,https://github.com/eclipse/kapua/issues/1731,comment,NA
Tue May 22 10:57:20 2018,https://github.com/eclipse/kapua/issues/1730,comment,NA
Tue May 22 09:05:18 2018,https://github.com/eclipse/kapua/issues/1729,comment,NA
Mon May 21 18:21:44 2018,https://github.com/eclipse/kapua/issues/1728,comment,NA
Tue May 22 07:32:37 2018,https://github.com/eclipse/kapua/issues/1727,comment,NA
Mon May 21 14:39:01 2018,https://github.com/eclipse/kapua/issues/1726,comment,NA
Tue May 22 07:16:02 2018,https://github.com/eclipse/kapua/issues/1723,comment,NA
Fri May 18 11:41:01 2018,https://github.com/eclipse/kapua/issues/1716,comment,NA
Fri May 18 12:01:01 2018,https://github.com/eclipse/kapua/issues/1712,comment,NA
Thu May 17 17:39:04 2018,https://github.com/eclipse/kapua/issues/1711,comment,NA
Thu May 17 13:49:04 2018,https://github.com/eclipse/kapua/issues/1708,comment,NA
Fri May 18 07:15:36 2018,https://github.com/eclipse/kapua/issues/1707,comment,NA
Wed May 16 14:04:06 2018,https://github.com/eclipse/kapua/issues/1702,comment,NA
Wed May 16 13:20:40 2018,https://github.com/eclipse/kapua/issues/1700,comment,NA
Wed May 16 10:03:27 2018,https://github.com/eclipse/kapua/issues/1699,comment,NA
Wed May 16 11:46:09 2018,https://github.com/eclipse/kapua/issues/1698,comment,NA
Wed May 16 07:11:11 2018,https://github.com/eclipse/kapua/issues/1696,comment,NA
Tue May 15 14:19:52 2018,https://github.com/eclipse/kapua/issues/1695,comment,NA
Tue May 15 14:29:53 2018,https://github.com/eclipse/kapua/issues/1694,comment,NA
Tue May 15 10:39:44 2018,https://github.com/eclipse/kapua/issues/1693,comment,NA
Tue May 15 09:28:14 2018,https://github.com/eclipse/kapua/issues/1692,comment,NA
Mon May 14 11:43:01 2018,https://github.com/eclipse/kapua/issues/1689,comment,NA
