date_time,file,committer_name
Thu Aug 16  5:31:22 2018,pom.xml,Markus KARG
Thu Aug 16  5:31:22 2018,BasicJavaSeBootstrapExample.java,Markus KARG
Thu Aug 16  5:31:22 2018,ClientAuthenticationJavaSeBootstrapExample.java,Markus KARG
Thu Aug 16  5:31:22 2018,ExplicitJavaSeBootstrapExample.java,Markus KARG
Thu Aug 16  5:31:22 2018,ExternalConfigJavaSeBootstrapExample.java,Markus KARG
Thu Aug 16  5:31:22 2018,HelloWorld.java,Markus KARG
Thu Aug 16  5:31:22 2018,HttpsJavaSeBootstrapExample.java,Markus KARG
Thu Aug 16  5:31:22 2018,NativeJavaSeBootstrapExample.java,Markus KARG
Thu Aug 16  5:31:22 2018,PropertyProviderJavaSeBootstrapExample.java,Markus KARG
Thu Aug 16  5:31:22 2018,TlsJavaSeBootstrapExample.java,Markus KARG
Thu Aug 16  5:31:22 2018,package-info.java,Markus KARG
Thu Aug 16  5:31:22 2018,JAXRS.java,Markus KARG
Thu Aug 16  5:31:22 2018,RuntimeDelegate.java,Markus KARG
Thu Aug 16  5:31:22 2018,JAXRSTest.java,Markus KARG
Thu Aug 16  5:31:22 2018,RuntimeDelegateStub.java,Markus KARG
Sat Sep  8  7:47:58 2018,JAXRS.java,Markus KARG
